{"cameraMode":{"drawMode":0,"name":"Shaded","section":"Shading Mode"},"sceneLighting":true,"audioPlay":false,"sceneViewState":{"showFog":true,"showMaterialUpdate":false,"showSkybox":true,"showFlares":true,"showImageEffects":true,"showParticleSystems":true},"in2DMode":false,"pivot":{"x":2.5433998107910158,"y":-7.3876495361328129,"z":-18.947673797607423},"rotation":{"x":0.17269259691238404,"y":-0.826636791229248,"z":0.39657264947891238,"w":0.35997098684310915},"size":1096.6690673828125,"orthographic":false}