{"cameraMode":{"drawMode":0,"name":"Shaded","section":"Shading Mode"},"sceneLighting":false,"audioPlay":false,"sceneViewState":{"showFog":true,"showMaterialUpdate":false,"showSkybox":true,"showFlares":true,"showImageEffects":true,"showParticleSystems":true},"in2DMode":false,"pivot":{"x":-1.0399999618530274,"y":0.5799999237060547,"z":10.8100004196167},"rotation":{"x":0.16176599264144898,"y":-0.8358962535858154,"z":0.33513814210891726,"w":0.4034745991230011},"size":2.8578836917877199,"orthographic":false}