{"cameraMode":{"drawMode":0,"name":"Shaded","section":"Shading Mode"},"sceneLighting":false,"audioPlay":false,"sceneViewState":{"showFog":true,"showMaterialUpdate":false,"showSkybox":true,"showFlares":true,"showImageEffects":true,"showParticleSystems":true},"in2DMode":false,"pivot":{"x":5.800000190734863,"y":0.6000000238418579,"z":-3.1711273193359377},"rotation":{"x":0.16176599264144898,"y":-0.8358962535858154,"z":0.33513814210891726,"w":0.4034745991230011},"size":2.8578836917877199,"orthographic":false}